ECG_Duration_Seconds,Number_of_R_Peaks,Mean_Heart_Rate,Min_Heart_Rate,Max_Heart_Rate,HRV_MeanNN,HRV_SDNN,HRV_SDANN1,HRV_SDNNI1,HRV_SDANN2,HRV_SDNNI2,HRV_SDANN5,HRV_SDNNI5,HRV_RMSSD,HRV_SDSD,HRV_CVNN,HRV_CVSD,HRV_MedianNN,HRV_MadNN,HRV_MCVNN,HRV_IQRNN,HRV_SDRMSSD,HRV_Prc20NN,HRV_Prc80NN,HRV_pNN50,HRV_pNN20,HRV_MinNN,HRV_MaxNN,HRV_HTI,HRV_TINN,HRV_ULF,HRV_VLF,HRV_LF,HRV_HF,HRV_VHF,HRV_TP,HRV_LFHF,HRV_LFn,HRV_HFn,HRV_LnHF,HRV_SD1,HRV_SD2,HRV_SD1SD2,HRV_S,HRV_CSI,HRV_CVI,HRV_CSI_Modified,HRV_PIP,HRV_IALS,HRV_PSS,HRV_PAS,HRV_GI,HRV_SI,HRV_AI,HRV_PI,HRV_C1d,HRV_C1a,HRV_SD1d,HRV_SD1a,HRV_C2d,HRV_C2a,HRV_SD2d,HRV_SD2a,HRV_Cd,HRV_Ca,HRV_SDNNd,HRV_SDNNa,HRV_DFA_alpha1,HRV_MFDFA_alpha1_Width,HRV_MFDFA_alpha1_Peak,HRV_MFDFA_alpha1_Mean,HRV_MFDFA_alpha1_Max,HRV_MFDFA_alpha1_Delta,HRV_MFDFA_alpha1_Asymmetry,HRV_MFDFA_alpha1_Fluctuation,HRV_MFDFA_alpha1_Increment,HRV_ApEn,HRV_SampEn,HRV_ShanEn,HRV_FuzzyEn,HRV_MSEn,HRV_CMSEn,HRV_RCMSEn,HRV_CD,HRV_HFD,HRV_KFD,HRV_LZC
68.61,65,56.81536185308622,51.282051282051285,68.18181818181819,1056.09375,73.67059217078176,,,,,,,61.13996432854077,61.62586352994635,0.0697576253725408,0.057892553884104296,1070.0,74.13,0.0692803738317757,112.5,1.2049498716568856,996.0,1124.0,37.5,60.9375,880.0,1170.0,12.8,148.4375,,,0.047784688970216795,0.03085017650870543,0.00011987320156217537,0.0787547386804844,1.5489275711836759,0.6067531906122361,0.39172470159373624,-3.478612807133156,43.57606599850181,94.08192222801237,0.46317151017485564,12879.650397998077,2.159027440229391,4.816874184765018,812.5018068792249,0.53125,0.5087719298245614,0.7586206896551724,0.05,50.83056478405316,50.74769738855641,50.918930524850424,49.122807017543856,0.5150743099787687,0.4849256900212314,31.276601580920083,30.34745033665075,0.5347391173961158,0.4652608826038841,68.79821327492752,64.17331174480051,0.5312651466702791,0.4687348533297212,53.438843345800564,50.19552610657067,1.1560935597508564,1.9473088832702774,1.1639119448087323,2.056477423604788,-1.2097719520695254,-2.0632307965071113,-0.041641551340793725,0.003142399047610541,0.34933323097693725,0.4080353257402307,1.6422277352570913,4.428072516654254,1.26466097168382,0.0,0.9598630781483276,1.0875694840898253,2.1319235216796866,1.7993141390102854,2.5668734577192707,1.03125
