HRV_MeanNN,HRV_SDNN,HRV_RMSSD
22.677740863787374,13.55972893227964,21.824451119482173
