,HRV_RMSSD,HRV_MeanNN
0,7.474569475399754,2.187820512820513
