MeanRR,SDNN,RMSSD,pNN50
210.46875,8.332858059363545,10.078722397272896,0.0
