,HRV_MeanNN,HRV_SDNN,HRV_SDANN1,HRV_SDNNI1,HRV_SDANN2,HRV_SDNNI2,HRV_SDANN5,HRV_SDNNI5,HRV_RMSSD,HRV_SDSD,HRV_CVNN,HRV_CVSD,HRV_MedianNN,HRV_MadNN,HRV_MCVNN,HRV_IQRNN,HRV_SDRMSSD,HRV_Prc20NN,HRV_Prc80NN,HRV_pNN50,HRV_pNN20,HRV_MinNN,HRV_MaxNN,HRV_HTI,HRV_TINN,HRV_ULF,HRV_VLF,HRV_LF,HRV_HF,HRV_VHF,HRV_TP,HRV_LFHF,HRV_LFn,HRV_HFn,HRV_LnHF,HRV_SD1,HRV_SD2,HRV_SD1SD2,HRV_S,HRV_CSI,HRV_CVI,HRV_CSI_Modified,HRV_PIP,HRV_IALS,HRV_PSS,HRV_PAS,HRV_GI,HRV_SI,HRV_AI,HRV_PI,HRV_C1d,HRV_C1a,HRV_SD1d,HRV_SD1a,HRV_C2d,HRV_C2a,HRV_SD2d,HRV_SD2a,HRV_Cd,HRV_Ca,HRV_SDNNd,HRV_SDNNa,HRV_DFA_alpha1,HRV_MFDFA_alpha1_Width,HRV_MFDFA_alpha1_Peak,HRV_MFDFA_alpha1_Mean,HRV_MFDFA_alpha1_Max,HRV_MFDFA_alpha1_Delta,HRV_MFDFA_alpha1_Asymmetry,HRV_MFDFA_alpha1_Fluctuation,HRV_MFDFA_alpha1_Increment,HRV_ApEn,HRV_SampEn,HRV_ShanEn,HRV_FuzzyEn,HRV_MSEn,HRV_CMSEn,HRV_RCMSEn,HRV_CD,HRV_HFD,HRV_KFD,HRV_LZC
0,422.031746031746,29.67238764976094,,,,,,,23.53309269120621,23.68951286046986,0.07030842567831123,0.05576142769467396,428.0,29.651999999999997,0.0692803738317757,44.0,1.2608792239555002,393.6,448.0,1.5873015873015872,38.095238095238095,356.0,468.0,5.25,93.75,,,,0.17277549159555472,0.013922803785255216,0.18669829538080993,,,0.9254261869030097,-1.7557622637153991,16.751015186644164,38.15413090240731,0.4390354278935304,2007.8560356444884,2.2777205128933424,4.009702680403597,347.6177864321236,0.5238095238095238,0.5172413793103449,0.7666666666666667,0.05,53.54609929078015,53.44097258474172,53.65129663771333,46.55172413793103,0.5866728797763279,0.41332712022367185,12.849698599514333,10.785539803480352,0.5735135135135135,0.42648648648648646,28.89438087070978,24.916911105038547,0.5756454778801148,0.42435452211988517,22.360679774997898,19.198702141926837,1.092386063024611,2.2392368701078236,1.6087486093007652,2.019419933111374,-0.6952952370282652,-1.3158090786157426,-0.3166021070424611,0.005036307364794505,0.5069337555165904,0.5617111656461735,1.9694406464655076,4.490791979186511,1.2574740339804749,0.0,0.9185471846759832,1.0680064348648883,1.9219595399294884,1.7793141735220386,2.6979147276257613,0.9487745910317329
