{"average": 10.927544766327403, "max": 14.85138014, "min": 8.834839612}