SCR_Peaks_N,SCR_Peaks_Amplitude_Mean,EDA_Tonic_SD,EDA_Sympathetic,EDA_SympatheticN,EDA_Autocorrelation
2.0,1.8722061956508607,2.4521014490183264,0.0006638979989980406,3.736831885954399e-05,0.9748477747435628
