SCR_Onsets,SCR_Peaks,SCR_Height
,170,12.429134587380855
613.0,1092,14.846125706917988
