mean_nn,sdnn,rmssd,lf,hf,lf_hf_ratio
1060.020964360587,83.49382041185571,64.18526232056439,0.010633702155050355,0.0056315976915207126,1.8882212007191361
