SCR_Peaks_N,SCR_Peaks_Amplitude_Mean,EDA_Tonic_SD,EDA_Sympathetic,EDA_SympatheticN,EDA_Autocorrelation
2.0,1.8722061956508782,1.3582015911009404,0.003151124668210567,4.5038707151782685e-05,0.8993830417436409
